date,ticker,headline
2026-09-14,SPY,"Global equity funds post steady inflows as investors weigh the rate path"
2026-09-15,AAPL,"Apple guides cautiously on holiday quarter as the upgrade cycle slows"
2026-09-16,MSFT,"Microsoft raises cloud outlook on strong AI services demand"
2026-09-17,JPM,"JPMorgan warns of softer trading revenue but resilient consumer credit"
2026-09-18,XOM,"Exxon margins compress as refining spreads narrow"
2026-09-21,PG,"Procter & Gamble holds guidance as pricing offsets volume softness"
2026-09-22,AMZN,"Amazon logistics costs fall faster than expected, lifting retail margins"
2026-09-23,SPY,"Volatility jumps as hot inflation print complicates the policy outlook"
2026-09-24,JPM,"Regional bank shares slide as the yield curve steepens further"
2026-09-25,AAPL,"Apple supplier checks point to stable production into year-end"
